Workbook

Sheet Anytime Expansion
A1: ANYTIME EXPANSION - Named User / Chargeback / RTD
A2: These accounts can expand OFF-CYCLE or at renewal. Fill Yellow column (Free/SS Users) from Hex.
A4: Organization | B4: License Type | C4: Usage Health | D4: Current Seats | E4: Seats Filled | F4: Activation % | G4: Active 90d | H4: ARR | I4: Renewal Date | J4: Days to Renewal | K4: FREE/SS USERS | L4: License Pts | M4: Health Pts | N4: Activation Pts | O4: Free User Pts | P4: ARR Pts | Q4: Renewal Pts | R4: TOTAL SCORE | S4: TIER
A5: Ospedale Pediatrico Bambino GesÃ¹ (Bambino GesÃ¹ Childrenâs Hospital) - Research Biobank | B5: Right to Deploy | C5: Red | D5: 55 | E5: 49 | F5: =IF(D5>0,E5/D5,0) -> 0.89090909 | G5: 29 | H5: 10123.8 | I5: 12/31/2025 | J5: -28 | K5: 0 | L5: =IF(B5="Named User",7,IF(B5="Named User (Chargeback)",4,3)) -> 3 | M5: =IF(C5="Extra Green",25,IF(C5="Green",20,IF(C5="Yellow",8,IF(C5="Red",3,0)))) -> 3 | N5: =IF(F5>=1,18,IF(F5>=0.95,16,IF(F5>=0.9,14,IF(F5>=0.8,10,IF(F5>=0.7,6,2))))) -> 10 | O5: =IF(K5=0,0,IF(K5>=50,25,IF(K5>=30,22,IF(K5>=20,18,IF(K5>=10,14,IF(K5>=5,10,5)))))) -> 0 | P5: =IF(H5>=25000,10,IF(H5>=15000,8,IF(H5>=10000,6,IF(H5>=5000,4,2)))) -> 6 | Q5: =IF(J5<=30,15,IF(J5<=60,13,IF(J5<=90,11,IF(J5<=120,9,IF(J5<=180,6,3))))) -> 15 | R5: =IF(K5=0,0,L5+M5+N5+O5+P5+Q5) -> 0 | S5: =IF(K5=0,"Need Hex Data",IF(R5>=75,"Tier 1",IF(R5>=55,"Tier 2",IF(R5>=35,"Tier 3","Below Threshold")))) -> Need Hex Data
A6: Academic Health Center | B6: Right to Deploy | C6: Red | D6: 145 | E6: 86 | F6: =IF(D6>0,E6/D6,0) -> 0.59310345 | G6: 51 | H6: 24771 | I6: 01/13/2026 | J6: -15 | K6: 0 | L6: =IF(B6="Named User",7,IF(B6="Named User (Chargeback)",4,3)) -> 3 | M6: =IF(C6="Extra Green",25,IF(C6="Green",20,IF(C6="Yellow",8,IF(C6="Red",3,0)))) -> 3 | N6: =IF(F6>=1,18,IF(F6>=0.95,16,IF(F6>=0.9,14,IF(F6>=0.8,10,IF(F6>=0.7,6,2))))) -> 2 | O6: =IF(K6=0,0,IF(K6>=50,25,IF(K6>=30,22,IF(K6>=20,18,IF(K6>=10,14,IF(K6>=5,10,5)))))) -> 0 | P6: =IF(H6>=25000,10,IF(H6>=15000,8,IF(H6>=10000,6,IF(H6>=5000,4,2)))) -> 8 | Q6: =IF(J6<=30,15,IF(J6<=60,13,IF(J6<=90,11,IF(J6<=120,9,IF(J6<=180,6,3))))) -> 15 | R6: =IF(K6=0,0,L6+M6+N6+O6+P6+Q6) -> 0 | S6: =IF(K6=0,"Need Hex Data",IF(R6>=75,"Tier 1",IF(R6>=55,"Tier 2",IF(R6>=35,"Tier 3","Below Threshold")))) -> Need Hex Data
A7: University of Puerto Rico - Industrial Biotechnology Learning Center (IBLC) | B7: Right to Deploy | C7: Red | D7: 30 | E7: 23 | F7: =IF(D7>0,E7/D7,0) -> 0.76666667 | G7: 13 | H7: 4308 | I7: 01/28/2026 | J7: 0 | K7: 0 | L7: =IF(B7="Named User",7,IF(B7="Named User (Chargeback)",4,3)) -> 3 | M7: =IF(C7="Extra Green",25,IF(C7="Green",20,IF(C7="Yellow",8,IF(C7="Red",3,0)))) -> 3 | N7: =IF(F7>=1,18,IF(F7>=0.95,16,IF(F7>=0.9,14,IF(F7>=0.8,10,IF(F7>=0.7,6,2))))) -> 6 | O7: =IF(K7=0,0,IF(K7>=50,25,IF(K7>=30,22,IF(K7>=20,18,IF(K7>=10,14,IF(K7>=5,10,5)))))) -> 0 | P7: =IF(H7>=25000,10,IF(H7>=15000,8,IF(H7>=10000,6,IF(H7>=5000,4,2)))) -> 2 | Q7: =IF(J7<=30,15,IF(J7<=60,13,IF(J7<=90,11,IF(J7<=120,9,IF(J7<=180,6,3))))) -> 15 | R7: =IF(K7=0,0,L7+M7+N7+O7+P7+Q7) -> 0 | S7: =IF(K7=0,"Need Hex Data",IF(R7>=75,"Tier 1",IF(R7>=55,"Tier 2",IF(R7>=35,"Tier 3","Below Threshold")))) -> Need Hex Data
A8: Africa Health Research Institute | B8: Named User (Chargeback) | C8: Red | D8: 40 | E8: 36 | F8: =IF(D8>0,E8/D8,0) -> 0.9 | G8: 16 | H8: 8185.2 | I8: 02/01/2026 | J8: 4 | K8: 0 | L8: =IF(B8="Named User",7,IF(B8="Named User (Chargeback)",4,3)) -> 4 | M8: =IF(C8="Extra Green",25,IF(C8="Green",20,IF(C8="Yellow",8,IF(C8="Red",3,0)))) -> 3 | N8: =IF(F8>=1,18,IF(F8>=0.95,16,IF(F8>=0.9,14,IF(F8>=0.8,10,IF(F8>=0.7,6,2))))) -> 14 | O8: =IF(K8=0,0,IF(K8>=50,25,IF(K8>=30,22,IF(K8>=20,18,IF(K8>=10,14,IF(K8>=5,10,5)))))) -> 0 | P8: =IF(H8>=25000,10,IF(H8>=15000,8,IF(H8>=10000,6,IF(H8>=5000,4,2)))) -> 4 | Q8: =IF(J8<=30,15,IF(J8<=60,13,IF(J8<=90,11,IF(J8<=120,9,IF(J8<=180,6,3))))) -> 15 | R8: =IF(K8=0,0,L8+M8+N8+O8+P8+Q8) -> 0 | S8: =IF(K8=0,"Need Hex Data",IF(R8>=75,"Tier 1",IF(R8>=55,"Tier 2",IF(R8>=35,"Tier 3","Below Threshold")))) -> Need Hex Data
A9: Burnet Institute | B9: Named User | C9: Red | D9: 95 | E9: 92 | F9: =IF(D9>0,E9/D9,0) -> 0.96842105 | G9: 40 | H9: 18943 | I9: 02/14/2026 | J9: 17 | K9: 0 | L9: =IF(B9="Named User",7,IF(B9="Named User (Chargeback)",4,3)) -> 7 | M9: =IF(C9="Extra Green",25,IF(C9="Green",20,IF(C9="Yellow",8,IF(C9="Red",3,0)))) -> 3 | N9: =IF(F9>=1,18,IF(F9>=0.95,16,IF(F9>=0.9,14,IF(F9>=0.8,10,IF(F9>=0.7,6,2))))) -> 16 | O9: =IF(K9=0,0,IF(K9>=50,25,IF(K9>=30,22,IF(K9>=20,18,IF(K9>=10,14,IF(K9>=5,10,5)))))) -> 0 | P9: =IF(H9>=25000,10,IF(H9>=15000,8,IF(H9>=10000,6,IF(H9>=5000,4,2)))) -> 8 | Q9: =IF(J9<=30,15,IF(J9<=60,13,IF(J9<=90,11,IF(J9<=120,9,IF(J9<=180,6,3))))) -> 15 | R9: =IF(K9=0,0,L9+M9+N9+O9+P9+Q9) -> 0 | S9: =IF(K9=0,"Need Hex Data",IF(R9>=75,"Tier 1",IF(R9>=55,"Tier 2",IF(R9>=35,"Tier 3","Below Threshold")))) -> Need Hex Data
A10: INRS - Isabelle Plante | B10: Named User | C10: Green | D10: 26 | E10: 26 | F10: =IF(D10>0,E10/D10,0) -> 1 | G10: 22 | H10: 5169.6 | I10: 02/16/2026 | J10: 19 | K10: 0 | L10: =IF(B10="Named User",7,IF(B10="Named User (Chargeback)",4,3)) -> 7 | M10: =IF(C10="Extra Green",25,IF(C10="Green",20,IF(C10="Yellow",8,IF(C10="Red",3,0)))) -> 20 | N10: =IF(F10>=1,18,IF(F10>=0.95,16,IF(F10>=0.9,14,IF(F10>=0.8,10,IF(F10>=0.7,6,2))))) -> 18 | O10: =IF(K10=0,0,IF(K10>=50,25,IF(K10>=30,22,IF(K10>=20,18,IF(K10>=10,14,IF(K10>=5,10,5)))))) -> 0 | P10: =IF(H10>=25000,10,IF(H10>=15000,8,IF(H10>=10000,6,IF(H10>=5000,4,2)))) -> 4 | Q10: =IF(J10<=30,15,IF(J10<=60,13,IF(J10<=90,11,IF(J10<=120,9,IF(J10<=180,6,3))))) -> 15 | R10: =IF(K10=0,0,L10+M10+N10+O10+P10+Q10) -> 0 | S10: =IF(K10=0,"Need Hex Data",IF(R10>=75,"Tier 1",IF(R10>=55,"Tier 2",IF(R10>=35,"Tier 3","Below Threshold")))) -> Need Hex Data
A11: IKP Stuttgart - Institute for Clinical Pharmacology | B11: Named User | C11: Green | D11: 20 | E11: 19 | F11: =IF(D11>0,E11/D11,0) -> 0.95 | G11: 15 | H11: 4308 | I11: 02/20/2026 | J11: 23 | K11: 0 | L11: =IF(B11="Named User",7,IF(B11="Named User (Chargeback)",4,3)) -> 7 | M11: =IF(C11="Extra Green",25,IF(C11="Green",20,IF(C11="Yellow",8,IF(C11="Red",3,0)))) -> 20 | N11: =IF(F11>=1,18,IF(F11>=0.95,16,IF(F11>=0.9,14,IF(F11>=0.8,10,IF(F11>=0.7,6,2))))) -> 16 | O11: =IF(K11=0,0,IF(K11>=50,25,IF(K11>=30,22,IF(K11>=20,18,IF(K11>=10,14,IF(K11>=5,10,5)))))) -> 0 | P11: =IF(H11>=25000,10,IF(H11>=15000,8,IF(H11>=10000,6,IF(H11>=5000,4,2)))) -> 2 | Q11: =IF(J11<=30,15,IF(J11<=60,13,IF(J11<=90,11,IF(J11<=120,9,IF(J11<=180,6,3))))) -> 15 | R11: =IF(K11=0,0,L11+M11+N11+O11+P11+Q11) -> 0 | S11: =IF(K11=0,"Need Hex Data",IF(R11>=75,"Tier 1",IF(R11>=55,"Tier 2",IF(R11>=35,"Tier 3","Below Threshold")))) -> Need Hex Data
A12: Regional Centre for Biotechnology- 25 Named Users | B12: Named User | C12: Green | D12: 25 | E12: 25 | F12: =IF(D12>0,E12/D12,0) -> 1 | G12: 22 | H12: 5385 | I12: 02/23/2026 | J12: 26 | K12: 0 | L12: =IF(B12="Named User",7,IF(B12="Named User (Chargeback)",4,3)) -> 7 | M12: =IF(C12="Extra Green",25,IF(C12="Green",20,IF(C12="Yellow",8,IF(C12="Red",3,0)))) -> 20 | N12: =IF(F12>=1,18,IF(F12>=0.95,16,IF(F12>=0.9,14,IF(F12>=0.8,10,IF(F12>=0.7,6,2))))) -> 18 | O12: =IF(K12=0,0,IF(K12>=50,25,IF(K12>=30,22,IF(K12>=20,18,IF(K12>=10,14,IF(K12>=5,10,5)))))) -> 0 | P12: =IF(H12>=25000,10,IF(H12>=15000,8,IF(H12>=10000,6,IF(H12>=5000,4,2)))) -> 4 | Q12: =IF(J12<=30,15,IF(J12<=60,13,IF(J12<=90,11,IF(J12<=120,9,IF(J12<=180,6,3))))) -> 15 | R12: =IF(K12=0,0,L12+M12+N12+O12+P12+Q12) -> 0 | S12: =IF(K12=0,"Need Hex Data",IF(R12>=75,"Tier 1",IF(R12>=55,"Tier 2",IF(R12>=35,"Tier 3","Below Threshold")))) -> Need Hex Data
A13: University of Ljubljana-Biotechnical faculty | B13: Right to Deploy | C13: Yellow | D13: 63 | E13: 59 | F13: =IF(D13>0,E13/D13,0) -> 0.93650794 | G13: 36 | H13: 9262.2 | I13: 03/04/2026 | J13: 35 | K13: 0 | L13: =IF(B13="Named User",7,IF(B13="Named User (Chargeback)",4,3)) -> 3 | M13: =IF(C13="Extra Green",25,IF(C13="Green",20,IF(C13="Yellow",8,IF(C13="Red",3,0)))) -> 8 | N13: =IF(F13>=1,18,IF(F13>=0.95,16,IF(F13>=0.9,14,IF(F13>=0.8,10,IF(F13>=0.7,6,2))))) -> 14 | O13: =IF(K13=0,0,IF(K13>=50,25,IF(K13>=30,22,IF(K13>=20,18,IF(K13>=10,14,IF(K13>=5,10,5)))))) -> 0 | P13: =IF(H13>=25000,10,IF(H13>=15000,8,IF(H13>=10000,6,IF(H13>=5000,4,2)))) -> 4 | Q13: =IF(J13<=30,15,IF(J13<=60,13,IF(J13<=90,11,IF(J13<=120,9,IF(J13<=180,6,3))))) -> 13 | R13: =IF(K13=0,0,L13+M13+N13+O13+P13+Q13) -> 0 | S13: =IF(K13=0,"Need Hex Data",IF(R13>=75,"Tier 1",IF(R13>=55,"Tier 2",IF(R13>=35,"Tier 3","Below Threshold")))) -> Need Hex Data
A14: University of Puerto Rico - Biomedical Sciences | B14: Right to Deploy | C14: Yellow | D14: 30 | E14: 29 | F14: =IF(D14>0,E14/D14,0) -> 0.96666667 | G14: 18 | H14: 4308 | I14: 03/05/2026 | J14: 36 | K14: 0 | L14: =IF(B14="Named User",7,IF(B14="Named User (Chargeback)",4,3)) -> 3 | M14: =IF(C14="Extra Green",25,IF(C14="Green",20,IF(C14="Yellow",8,IF(C14="Red",3,0)))) -> 8 | N14: =IF(F14>=1,18,IF(F14>=0.95,16,IF(F14>=0.9,14,IF(F14>=0.8,10,IF(F14>=0.7,6,2))))) -> 16 | O14: =IF(K14=0,0,IF(K14>=50,25,IF(K14>=30,22,IF(K14>=20,18,IF(K14>=10,14,IF(K14>=5,10,5)))))) -> 0 | P14: =IF(H14>=25000,10,IF(H14>=15000,8,IF(H14>=10000,6,IF(H14>=5000,4,2)))) -> 2 | Q14: =IF(J14<=30,15,IF(J14<=60,13,IF(J14<=90,11,IF(J14<=120,9,IF(J14<=180,6,3))))) -> 13 | R14: =IF(K14=0,0,L14+M14+N14+O14+P14+Q14) -> 0 | S14: =IF(K14=0,"Need Hex Data",IF(R14>=75,"Tier 1",IF(R14>=55,"Tier 2",IF(R14>=35,"Tier 3","Below Threshold")))) -> Need Hex Data
A15: University of Eastern Piedmont | B15: Named User | C15: Yellow | D15: 62 | E15: 61 | F15: =IF(D15>0,E15/D15,0) -> 0.98387097 | G15: 43 | H15: 12924 | I15: 03/10/2026 | J15: 41 | K15: 0 | L15: =IF(B15="Named User",7,IF(B15="Named User (Chargeback)",4,3)) -> 7 | M15: =IF(C15="Extra Green",25,IF(C15="Green",20,IF(C15="Yellow",8,IF(C15="Red",3,0)))) -> 8 | N15: =IF(F15>=1,18,IF(F15>=0.95,16,IF(F15>=0.9,14,IF(F15>=0.8,10,IF(F15>=0.7,6,2))))) -> 16 | O15: =IF(K15=0,0,IF(K15>=50,25,IF(K15>=30,22,IF(K15>=20,18,IF(K15>=10,14,IF(K15>=5,10,5)))))) -> 0 | P15: =IF(H15>=25000,10,IF(H15>=15000,8,IF(H15>=10000,6,IF(H15>=5000,4,2)))) -> 6 | Q15: =IF(J15<=30,15,IF(J15<=60,13,IF(J15<=90,11,IF(J15<=120,9,IF(J15<=180,6,3))))) -> 13 | R15: =IF(K15=0,0,L15+M15+N15+O15+P15+Q15) -> 0 | S15: =IF(K15=0,"Need Hex Data",IF(R15>=75,"Tier 1",IF(R15>=55,"Tier 2",IF(R15>=35,"Tier 3","Below Threshold")))) -> Need Hex Data
A16: Concordia University of Wisconsin - School of Pharmacy & School of Arts & Sciences - Robert Burlage | B16: Named User | C16: Red | D16: 20 | E16: 10 | F16: =IF(D16>0,E16/D16,0) -> 0.5 | G16: 3 | H16: 4308 | I16: 03/13/2026 | J16: 44 | K16: 0 | L16: =IF(B16="Named User",7,IF(B16="Named User (Chargeback)",4,3)) -> 7 | M16: =IF(C16="Extra Green",25,IF(C16="Green",20,IF(C16="Yellow",8,IF(C16="Red",3,0)))) -> 3 | N16: =IF(F16>=1,18,IF(F16>=0.95,16,IF(F16>=0.9,14,IF(F16>=0.8,10,IF(F16>=0.7,6,2))))) -> 2 | O16: =IF(K16=0,0,IF(K16>=50,25,IF(K16>=30,22,IF(K16>=20,18,IF(K16>=10,14,IF(K16>=5,10,5)))))) -> 0 | P16: =IF(H16>=25000,10,IF(H16>=15000,8,IF(H16>=10000,6,IF(H16>=5000,4,2)))) -> 2 | Q16: =IF(J16<=30,15,IF(J16<=60,13,IF(J16<=90,11,IF(J16<=120,9,IF(J16<=180,6,3))))) -> 13 | R16: =IF(K16=0,0,L16+M16+N16+O16+P16+Q16) -> 0 | S16: =IF(K16=0,"Need Hex Data",IF(R16>=75,"Tier 1",IF(R16>=55,"Tier 2",IF(R16>=35,"Tier 3","Below Threshold")))) -> Need Hex Data
... A38: Pompeu Fabra University | B38: Named User | C38: Red | D38: 60 | E38: 50 | F38: =IF(D38>0,E38/D38,0) -> 0.83333333 | G38: 24 | H38: 12924 | I38: 06/03/2026 | J38: 126 | K38: 0 | L38: =IF(B38="Named User",7,IF(B38="Named User (Chargeback)",4,3)) -> 7 | M38: =IF(C38="Extra Green",25,IF(C38="Green",20,IF(C38="Yellow",8,IF(C38="Red",3,0)))) -> 3 | N38: =IF(F38>=1,18,IF(F38>=0.95,16,IF(F38>=0.9,14,IF(F38>=0.8,10,IF(F38>=0.7,6,2))))) -> 10 | O38: =IF(K38=0,0,IF(K38>=50,25,IF(K38>=30,22,IF(K38>=20,18,IF(K38>=10,14,IF(K38>=5,10,5)))))) -> 0 | P38: =IF(H38>=25000,10,IF(H38>=15000,8,IF(H38>=10000,6,IF(H38>=5000,4,2)))) -> 6 | Q38: =IF(J38<=30,15,IF(J38<=60,13,IF(J38<=90,11,IF(J38<=120,9,IF(J38<=180,6,3))))) -> 6 | R38: =IF(K38=0,0,L38+M38+N38+O38+P38+Q38) -> 0 | S38: =IF(K38=0,"Need Hex Data",IF(R38>=75,"Tier 1",IF(R38>=55,"Tier 2",IF(R38>=35,"Tier 3","Below Threshold")))) -> Need Hex Data
A39: Wadsworth Center - Bacteriology Lab | B39: Named User | D39: 0 | E39: 0 | F39: =IF(D39>0,E39/D39,0) -> 0 | G39: 0 | H39: 4308 | I39: 06/10/2026 | J39: 133 | K39: 0 | L39: =IF(B39="Named User",7,IF(B39="Named User (Chargeback)",4,3)) -> 7 | M39: =IF(C39="Extra Green",25,IF(C39="Green",20,IF(C39="Yellow",8,IF(C39="Red",3,0)))) -> 0 | N39: =IF(F39>=1,18,IF(F39>=0.95,16,IF(F39>=0.9,14,IF(F39>=0.8,10,IF(F39>=0.7,6,2))))) -> 2 | O39: =IF(K39=0,0,IF(K39>=50,25,IF(K39>=30,22,IF(K39>=20,18,IF(K39>=10,14,IF(K39>=5,10,5)))))) -> 0 | P39: =IF(H39>=25000,10,IF(H39>=15000,8,IF(H39>=10000,6,IF(H39>=5000,4,2)))) -> 2 | Q39: =IF(J39<=30,15,IF(J39<=60,13,IF(J39<=90,11,IF(J39<=120,9,IF(J39<=180,6,3))))) -> 6 | R39: =IF(K39=0,0,L39+M39+N39+O39+P39+Q39) -> 0 | S39: =IF(K39=0,"Need Hex Data",IF(R39>=75,"Tier 1",IF(R39>=55,"Tier 2",IF(R39>=35,"Tier 3","Below Threshold")))) -> Need Hex Data
A40: University of Cape Town - Neuroscience Institute | B40: Named User | C40: Yellow | D40: 25 | E40: 24 | F40: =IF(D40>0,E40/D40,0) -> 0.96 | G40: 16 | H40: 5385 | I40: 06/10/2026 | J40: 133 | K40: 0 | L40: =IF(B40="Named User",7,IF(B40="Named User (Chargeback)",4,3)) -> 7 | M40: =IF(C40="Extra Green",25,IF(C40="Green",20,IF(C40="Yellow",8,IF(C40="Red",3,0)))) -> 8 | N40: =IF(F40>=1,18,IF(F40>=0.95,16,IF(F40>=0.9,14,IF(F40>=0.8,10,IF(F40>=0.7,6,2))))) -> 16 | O40: =IF(K40=0,0,IF(K40>=50,25,IF(K40>=30,22,IF(K40>=20,18,IF(K40>=10,14,IF(K40>=5,10,5)))))) -> 0 | P40: =IF(H40>=25000,10,IF(H40>=15000,8,IF(H40>=10000,6,IF(H40>=5000,4,2)))) -> 4 | Q40: =IF(J40<=30,15,IF(J40<=60,13,IF(J40<=90,11,IF(J40<=120,9,IF(J40<=180,6,3))))) -> 6 | R40: =IF(K40=0,0,L40+M40+N40+O40+P40+Q40) -> 0 | S40: =IF(K40=0,"Need Hex Data",IF(R40>=75,"Tier 1",IF(R40>=55,"Tier 2",IF(R40>=35,"Tier 3","Below Threshold")))) -> Need Hex Data
A41: University of Eastern Finland | B41: Named User | C41: Green | D41: 120 | E41: 117 | F41: =IF(D41>0,E41/D41,0) -> 0.975 | G41: 90 | H41: 24442.6 | I41: 06/13/2026 | J41: 136 | K41: 0 | L41: =IF(B41="Named User",7,IF(B41="Named User (Chargeback)",4,3)) -> 7 | M41: =IF(C41="Extra Green",25,IF(C41="Green",20,IF(C41="Yellow",8,IF(C41="Red",3,0)))) -> 20 | N41: =IF(F41>=1,18,IF(F41>=0.95,16,IF(F41>=0.9,14,IF(F41>=0.8,10,IF(F41>=0.7,6,2))))) -> 16 | O41: =IF(K41=0,0,IF(K41>=50,25,IF(K41>=30,22,IF(K41>=20,18,IF(K41>=10,14,IF(K41>=5,10,5)))))) -> 0 | P41: =IF(H41>=25000,10,IF(H41>=15000,8,IF(H41>=10000,6,IF(H41>=5000,4,2)))) -> 8 | Q41: =IF(J41<=30,15,IF(J41<=60,13,IF(J41<=90,11,IF(J41<=120,9,IF(J41<=180,6,3))))) -> 6 | R41: =IF(K41=0,0,L41+M41+N41+O41+P41+Q41) -> 0 | S41: =IF(K41=0,"Need Hex Data",IF(R41>=75,"Tier 1",IF(R41>=55,"Tier 2",IF(R41>=35,"Tier 3","Below Threshold")))) -> Need Hex Data
A42: Wadsworth Center - Biodefense Lab | B42: Named User | C42: Red | D42: 20 | E42: 11 | F42: =IF(D42>0,E42/D42,0) -> 0.55 | G42: 3 | H42: 4308 | I42: 06/14/2026 | J42: 137 | K42: 0 | L42: =IF(B42="Named User",7,IF(B42="Named User (Chargeback)",4,3)) -> 7 | M42: =IF(C42="Extra Green",25,IF(C42="Green",20,IF(C42="Yellow",8,IF(C42="Red",3,0)))) -> 3 | N42: =IF(F42>=1,18,IF(F42>=0.95,16,IF(F42>=0.9,14,IF(F42>=0.8,10,IF(F42>=0.7,6,2))))) -> 2 | O42: =IF(K42=0,0,IF(K42>=50,25,IF(K42>=30,22,IF(K42>=20,18,IF(K42>=10,14,IF(K42>=5,10,5)))))) -> 0 | P42: =IF(H42>=25000,10,IF(H42>=15000,8,IF(H42>=10000,6,IF(H42>=5000,4,2)))) -> 2 | Q42: =IF(J42<=30,15,IF(J42<=60,13,IF(J42<=90,11,IF(J42<=120,9,IF(J42<=180,6,3))))) -> 6 | R42: =IF(K42=0,0,L42+M42+N42+O42+P42+Q42) -> 0 | S42: =IF(K42=0,"Need Hex Data",IF(R42>=75,"Tier 1",IF(R42>=55,"Tier 2",IF(R42>=35,"Tier 3","Below Threshold")))) -> Need Hex Data
A43: University of Hannover - Medizinische Hochschule Hannover | B43: Named User | C43: Yellow | D43: 80 | E43: 59 | F43: =IF(D43>0,E43/D43,0) -> 0.7375 | G43: 47 | H43: 17232 | I43: 06/18/2026 | J43: 141 | K43: 0 | L43: =IF(B43="Named User",7,IF(B43="Named User (Chargeback)",4,3)) -> 7 | M43: =IF(C43="Extra Green",25,IF(C43="Green",20,IF(C43="Yellow",8,IF(C43="Red",3,0)))) -> 8 | N43: =IF(F43>=1,18,IF(F43>=0.95,16,IF(F43>=0.9,14,IF(F43>=0.8,10,IF(F43>=0.7,6,2))))) -> 6 | O43: =IF(K43=0,0,IF(K43>=50,25,IF(K43>=30,22,IF(K43>=20,18,IF(K43>=10,14,IF(K43>=5,10,5)))))) -> 0 | P43: =IF(H43>=25000,10,IF(H43>=15000,8,IF(H43>=10000,6,IF(H43>=5000,4,2)))) -> 8 | Q43: =IF(J43<=30,15,IF(J43<=60,13,IF(J43<=90,11,IF(J43<=120,9,IF(J43<=180,6,3))))) -> 6 | R43: =IF(K43=0,0,L43+M43+N43+O43+P43+Q43) -> 0 | S43: =IF(K43=0,"Need Hex Data",IF(R43>=75,"Tier 1",IF(R43>=55,"Tier 2",IF(R43>=35,"Tier 3","Below Threshold")))) -> Need Hex Data
A44: University of Hohenheim - Faculty of Natural Science and Agricultural Science | B44: Named User (Chargeback) | C44: Red | D44: 40 | E44: 25 | F44: =IF(D44>0,E44/D44,0) -> 0.625 | G44: 19 | H44: 6462 | I44: 06/26/2026 | J44: 149 | K44: 0 | L44: =IF(B44="Named User",7,IF(B44="Named User (Chargeback)",4,3)) -> 4 | M44: =IF(C44="Extra Green",25,IF(C44="Green",20,IF(C44="Yellow",8,IF(C44="Red",3,0)))) -> 3 | N44: =IF(F44>=1,18,IF(F44>=0.95,16,IF(F44>=0.9,14,IF(F44>=0.8,10,IF(F44>=0.7,6,2))))) -> 2 | O44: =IF(K44=0,0,IF(K44>=50,25,IF(K44>=30,22,IF(K44>=20,18,IF(K44>=10,14,IF(K44>=5,10,5)))))) -> 0 | P44: =IF(H44>=25000,10,IF(H44>=15000,8,IF(H44>=10000,6,IF(H44>=5000,4,2)))) -> 4 | Q44: =IF(J44<=30,15,IF(J44<=60,13,IF(J44<=90,11,IF(J44<=120,9,IF(J44<=180,6,3))))) -> 6 | R44: =IF(K44=0,0,L44+M44+N44+O44+P44+Q44) -> 0 | S44: =IF(K44=0,"Need Hex Data",IF(R44>=75,"Tier 1",IF(R44>=55,"Tier 2",IF(R44>=35,"Tier 3","Below Threshold")))) -> Need Hex Data
A45: NIPER Hyderabad - Named User License | B45: Named User | C45: Yellow | D45: 30 | E45: 29 | F45: =IF(D45>0,E45/D45,0) -> 0.96666667 | G45: 20 | H45: 6462 | I45: 06/26/2026 | J45: 149 | K45: 0 | L45: =IF(B45="Named User",7,IF(B45="Named User (Chargeback)",4,3)) -> 7 | M45: =IF(C45="Extra Green",25,IF(C45="Green",20,IF(C45="Yellow",8,IF(C45="Red",3,0)))) -> 8 | N45: =IF(F45>=1,18,IF(F45>=0.95,16,IF(F45>=0.9,14,IF(F45>=0.8,10,IF(F45>=0.7,6,2))))) -> 16 | O45: =IF(K45=0,0,IF(K45>=50,25,IF(K45>=30,22,IF(K45>=20,18,IF(K45>=10,14,IF(K45>=5,10,5)))))) -> 0 | P45: =IF(H45>=25000,10,IF(H45>=15000,8,IF(H45>=10000,6,IF(H45>=5000,4,2)))) -> 4 | Q45: =IF(J45<=30,15,IF(J45<=60,13,IF(J45<=90,11,IF(J45<=120,9,IF(J45<=180,6,3))))) -> 6 | R45: =IF(K45=0,0,L45+M45+N45+O45+P45+Q45) -> 0 | S45: =IF(K45=0,"Need Hex Data",IF(R45>=75,"Tier 1",IF(R45>=55,"Tier 2",IF(R45>=35,"Tier 3","Below Threshold")))) -> Need Hex Data
A46: San Diego State University - Cell and Molecular Biology Program Area (Biology Department) | B46: Named User | C46: Yellow | D46: 25 | E46: 25 | F46: =IF(D46>0,E46/D46,0) -> 1 | G46: 14 | H46: 5385 | I46: 06/27/2026 | J46: 150 | K46: 0 | L46: =IF(B46="Named User",7,IF(B46="Named User (Chargeback)",4,3)) -> 7 | M46: =IF(C46="Extra Green",25,IF(C46="Green",20,IF(C46="Yellow",8,IF(C46="Red",3,0)))) -> 8 | N46: =IF(F46>=1,18,IF(F46>=0.95,16,IF(F46>=0.9,14,IF(F46>=0.8,10,IF(F46>=0.7,6,2))))) -> 18 | O46: =IF(K46=0,0,IF(K46>=50,25,IF(K46>=30,22,IF(K46>=20,18,IF(K46>=10,14,IF(K46>=5,10,5)))))) -> 0 | P46: =IF(H46>=25000,10,IF(H46>=15000,8,IF(H46>=10000,6,IF(H46>=5000,4,2)))) -> 4 | Q46: =IF(J46<=30,15,IF(J46<=60,13,IF(J46<=90,11,IF(J46<=120,9,IF(J46<=180,6,3))))) -> 6 | R46: =IF(K46=0,0,L46+M46+N46+O46+P46+Q46) -> 0 | S46: =IF(K46=0,"Need Hex Data",IF(R46>=75,"Tier 1",IF(R46>=55,"Tier 2",IF(R46>=35,"Tier 3","Below Threshold")))) -> Need Hex Data
A47: Universidade do Minho - Life and Health Sciences Research Institute | B47: Named User | C47: Yellow | D47: 33 | E47: 21 | F47: =IF(D47>0,E47/D47,0) -> 0.63636364 | G47: 16 | H47: 6462 | I47: 07/01/2026 | J47: 154 | K47: 0 | L47: =IF(B47="Named User",7,IF(B47="Named User (Chargeback)",4,3)) -> 7 | M47: =IF(C47="Extra Green",25,IF(C47="Green",20,IF(C47="Yellow",8,IF(C47="Red",3,0)))) -> 8 | N47: =IF(F47>=1,18,IF(F47>=0.95,16,IF(F47>=0.9,14,IF(F47>=0.8,10,IF(F47>=0.7,6,2))))) -> 2 | O47: =IF(K47=0,0,IF(K47>=50,25,IF(K47>=30,22,IF(K47>=20,18,IF(K47>=10,14,IF(K47>=5,10,5)))))) -> 0 | P47: =IF(H47>=25000,10,IF(H47>=15000,8,IF(H47>=10000,6,IF(H47>=5000,4,2)))) -> 4 | Q47: =IF(J47<=30,15,IF(J47<=60,13,IF(J47<=90,11,IF(J47<=120,9,IF(J47<=180,6,3))))) -> 6 | R47: =IF(K47=0,0,L47+M47+N47+O47+P47+Q47) -> 0 | S47: =IF(K47=0,"Need Hex Data",IF(R47>=75,"Tier 1",IF(R47>=55,"Tier 2",IF(R47>=35,"Tier 3","Below Threshold")))) -> Need Hex Data
A48: Indian Institute of Science Education and Research Mohali - Department of Biological Sciences | B48: Named User | C48: Green | D48: 26 | E48: 26 | F48: =IF(D48>0,E48/D48,0) -> 1 | G48: 21 | H48: 5385 | I48: 07/03/2026 | J48: 156 | K48: 0 | L48: =IF(B48="Named User",7,IF(B48="Named User (Chargeback)",4,3)) -> 7 | M48: =IF(C48="Extra Green",25,IF(C48="Green",20,IF(C48="Yellow",8,IF(C48="Red",3,0)))) -> 20 | N48: =IF(F48>=1,18,IF(F48>=0.95,16,IF(F48>=0.9,14,IF(F48>=0.8,10,IF(F48>=0.7,6,2))))) -> 18 | O48: =IF(K48=0,0,IF(K48>=50,25,IF(K48>=30,22,IF(K48>=20,18,IF(K48>=10,14,IF(K48>=5,10,5)))))) -> 0 | P48: =IF(H48>=25000,10,IF(H48>=15000,8,IF(H48>=10000,6,IF(H48>=5000,4,2)))) -> 4 | Q48: =IF(J48<=30,15,IF(J48<=60,13,IF(J48<=90,11,IF(J48<=120,9,IF(J48<=180,6,3))))) -> 6 | R48: =IF(K48=0,0,L48+M48+N48+O48+P48+Q48) -> 0 | S48: =IF(K48=0,"Need Hex Data",IF(R48>=75,"Tier 1",IF(R48>=55,"Tier 2",IF(R48>=35,"Tier 3","Below Threshold")))) -> Need Hex Data
A49: University of Nevada, Las Vegas | B49: Named User | C49: Yellow | D49: 20 | E49: 17 | F49: =IF(D49>0,E49/D49,0) -> 0.85 | G49: 12 | H49: 4308 | I49: 07/10/2026 | J49: 163 | K49: 0 | L49: =IF(B49="Named User",7,IF(B49="Named User (Chargeback)",4,3)) -> 7 | M49: =IF(C49="Extra Green",25,IF(C49="Green",20,IF(C49="Yellow",8,IF(C49="Red",3,0)))) -> 8 | N49: =IF(F49>=1,18,IF(F49>=0.95,16,IF(F49>=0.9,14,IF(F49>=0.8,10,IF(F49>=0.7,6,2))))) -> 10 | O49: =IF(K49=0,0,IF(K49>=50,25,IF(K49>=30,22,IF(K49>=20,18,IF(K49>=10,14,IF(K49>=5,10,5)))))) -> 0 | P49: =IF(H49>=25000,10,IF(H49>=15000,8,IF(H49>=10000,6,IF(H49>=5000,4,2)))) -> 2 | Q49: =IF(J49<=30,15,IF(J49<=60,13,IF(J49<=90,11,IF(J49<=120,9,IF(J49<=180,6,3))))) -> 6 | R49: =IF(K49=0,0,L49+M49+N49+O49+P49+Q49) -> 0 | S49: =IF(K49=0,"Need Hex Data",IF(R49>=75,"Tier 1",IF(R49>=55,"Tier 2",IF(R49>=35,"Tier 3","Below Threshold")))) -> Need Hex Data
A50: Medical University of Innsbruck | B50: Named User (Chargeback) | C50: Red | D50: 69 | E50: 66 | F50: =IF(D50>0,E50/D50,0) -> 0.95652174 | G50: 50 | H50: 14647.2 | I50: 07/12/2026 | J50: 165 | K50: 0 | L50: =IF(B50="Named User",7,IF(B50="Named User (Chargeback)",4,3)) -> 4 | M50: =IF(C50="Extra Green",25,IF(C50="Green",20,IF(C50="Yellow",8,IF(C50="Red",3,0)))) -> 3 | N50: =IF(F50>=1,18,IF(F50>=0.95,16,IF(F50>=0.9,14,IF(F50>=0.8,10,IF(F50>=0.7,6,2))))) -> 16 | O50: =IF(K50=0,0,IF(K50>=50,25,IF(K50>=30,22,IF(K50>=20,18,IF(K50>=10,14,IF(K50>=5,10,5)))))) -> 0 | P50: =IF(H50>=25000,10,IF(H50>=15000,8,IF(H50>=10000,6,IF(H50>=5000,4,2)))) -> 6 | Q50: =IF(J50<=30,15,IF(J50<=60,13,IF(J50<=90,11,IF(J50<=120,9,IF(J50<=180,6,3))))) -> 6 | R50: =IF(K50=0,0,L50+M50+N50+O50+P50+Q50) -> 0 | S50: =IF(K50=0,"Need Hex Data",IF(R50>=75,"Tier 1",IF(R50>=55,"Tier 2",IF(R50>=35,"Tier 3","Below Threshold")))) -> Need Hex Data
A51: SRM Institute of Science and Technology - School of Bioengineering - Varshini Karthik | B51: Named User | C51: Yellow | D51: 25 | E51: 25 | F51: =IF(D51>0,E51/D51,0) -> 1 | G51: 15 | H51: 5385 | I51: 07/16/2026 | J51: 169 | K51: 0 | L51: =IF(B51="Named User",7,IF(B51="Named User (Chargeback)",4,3)) -> 7 | M51: =IF(C51="Extra Green",25,IF(C51="Green",20,IF(C51="Yellow",8,IF(C51="Red",3,0)))) -> 8 | N51: =IF(F51>=1,18,IF(F51>=0.95,16,IF(F51>=0.9,14,IF(F51>=0.8,10,IF(F51>=0.7,6,2))))) -> 18 | O51: =IF(K51=0,0,IF(K51>=50,25,IF(K51>=30,22,IF(K51>=20,18,IF(K51>=10,14,IF(K51>=5,10,5)))))) -> 0 | P51: =IF(H51>=25000,10,IF(H51>=15000,8,IF(H51>=10000,6,IF(H51>=5000,4,2)))) -> 4 | Q51: =IF(J51<=30,15,IF(J51<=60,13,IF(J51<=90,11,IF(J51<=120,9,IF(J51<=180,6,3))))) -> 6 | R51: =IF(K51=0,0,L51+M51+N51+O51+P51+Q51) -> 0 | S51: =IF(K51=0,"Need Hex Data",IF(R51>=75,"Tier 1",IF(R51>=55,"Tier 2",IF(R51>=35,"Tier 3","Below Threshold")))) -> Need Hex Data
... A89: University of California Merced, Center for Cellular and Biomolecular Machines | B89: Named User | C89: Yellow | D89: 20 | E89: 19 | F89: =IF(D89>0,E89/D89,0) -> 0.95 | G89: 11 | H89: 4308 | I89: 01/19/2027 | J89: 356 | K89: 0 | L89: =IF(B89="Named User",7,IF(B89="Named User (Chargeback)",4,3)) -> 7 | M89: =IF(C89="Extra Green",25,IF(C89="Green",20,IF(C89="Yellow",8,IF(C89="Red",3,0)))) -> 8 | N89: =IF(F89>=1,18,IF(F89>=0.95,16,IF(F89>=0.9,14,IF(F89>=0.8,10,IF(F89>=0.7,6,2))))) -> 16 | O89: =IF(K89=0,0,IF(K89>=50,25,IF(K89>=30,22,IF(K89>=20,18,IF(K89>=10,14,IF(K89>=5,10,5)))))) -> 0 | P89: =IF(H89>=25000,10,IF(H89>=15000,8,IF(H89>=10000,6,IF(H89>=5000,4,2)))) -> 2 | Q89: =IF(J89<=30,15,IF(J89<=60,13,IF(J89<=90,11,IF(J89<=120,9,IF(J89<=180,6,3))))) -> 3 | R89: =IF(K89=0,0,L89+M89+N89+O89+P89+Q89) -> 0 | S89: =IF(K89=0,"Need Hex Data",IF(R89>=75,"Tier 1",IF(R89>=55,"Tier 2",IF(R89>=35,"Tier 3","Below Threshold")))) -> Need Hex Data
A90: University Hospital of Schleswig-Holstein | B90: Right to Deploy | D90: 26 | E90: 0 | F90: =IF(D90>0,E90/D90,0) -> 0 | G90: 0 | H90: 4308 | I90: 01/30/2027 | J90: 367 | K90: 0 | L90: =IF(B90="Named User",7,IF(B90="Named User (Chargeback)",4,3)) -> 3 | M90: =IF(C90="Extra Green",25,IF(C90="Green",20,IF(C90="Yellow",8,IF(C90="Red",3,0)))) -> 0 | N90: =IF(F90>=1,18,IF(F90>=0.95,16,IF(F90>=0.9,14,IF(F90>=0.8,10,IF(F90>=0.7,6,2))))) -> 2 | O90: =IF(K90=0,0,IF(K90>=50,25,IF(K90>=30,22,IF(K90>=20,18,IF(K90>=10,14,IF(K90>=5,10,5)))))) -> 0 | P90: =IF(H90>=25000,10,IF(H90>=15000,8,IF(H90>=10000,6,IF(H90>=5000,4,2)))) -> 2 | Q90: =IF(J90<=30,15,IF(J90<=60,13,IF(J90<=90,11,IF(J90<=120,9,IF(J90<=180,6,3))))) -> 3 | R90: =IF(K90=0,0,L90+M90+N90+O90+P90+Q90) -> 0 | S90: =IF(K90=0,"Need Hex Data",IF(R90>=75,"Tier 1",IF(R90>=55,"Tier 2",IF(R90>=35,"Tier 3","Below Threshold")))) -> Need Hex Data
A91: University of Rhode Island (URI), College of Pharmacy | B91: Named User | C91: Yellow | D91: 51 | E91: 47 | F91: =IF(D91>0,E91/D91,0) -> 0.92156863 | G91: 36 | H91: 9908.4 | I91: 02/01/2027 | J91: 369 | K91: 0 | L91: =IF(B91="Named User",7,IF(B91="Named User (Chargeback)",4,3)) -> 7 | M91: =IF(C91="Extra Green",25,IF(C91="Green",20,IF(C91="Yellow",8,IF(C91="Red",3,0)))) -> 8 | N91: =IF(F91>=1,18,IF(F91>=0.95,16,IF(F91>=0.9,14,IF(F91>=0.8,10,IF(F91>=0.7,6,2))))) -> 14 | O91: =IF(K91=0,0,IF(K91>=50,25,IF(K91>=30,22,IF(K91>=20,18,IF(K91>=10,14,IF(K91>=5,10,5)))))) -> 0 | P91: =IF(H91>=25000,10,IF(H91>=15000,8,IF(H91>=10000,6,IF(H91>=5000,4,2)))) -> 4 | Q91: =IF(J91<=30,15,IF(J91<=60,13,IF(J91<=90,11,IF(J91<=120,9,IF(J91<=180,6,3))))) -> 3 | R91: =IF(K91=0,0,L91+M91+N91+O91+P91+Q91) -> 0 | S91: =IF(K91=0,"Need Hex Data",IF(R91>=75,"Tier 1",IF(R91>=55,"Tier 2",IF(R91>=35,"Tier 3","Below Threshold")))) -> Need Hex Data
A92: Florida State University - College of Health & Human Sciences | B92: Named User | C92: Green | D92: 35 | E92: 34 | F92: =IF(D92>0,E92/D92,0) -> 0.97142857 | G92: 28 | H92: 7539 | I92: 02/01/2027 | J92: 369 | K92: 0 | L92: =IF(B92="Named User",7,IF(B92="Named User (Chargeback)",4,3)) -> 7 | M92: =IF(C92="Extra Green",25,IF(C92="Green",20,IF(C92="Yellow",8,IF(C92="Red",3,0)))) -> 20 | N92: =IF(F92>=1,18,IF(F92>=0.95,16,IF(F92>=0.9,14,IF(F92>=0.8,10,IF(F92>=0.7,6,2))))) -> 16 | O92: =IF(K92=0,0,IF(K92>=50,25,IF(K92>=30,22,IF(K92>=20,18,IF(K92>=10,14,IF(K92>=5,10,5)))))) -> 0 | P92: =IF(H92>=25000,10,IF(H92>=15000,8,IF(H92>=10000,6,IF(H92>=5000,4,2)))) -> 4 | Q92: =IF(J92<=30,15,IF(J92<=60,13,IF(J92<=90,11,IF(J92<=120,9,IF(J92<=180,6,3))))) -> 3 | R92: =IF(K92=0,0,L92+M92+N92+O92+P92+Q92) -> 0 | S92: =IF(K92=0,"Need Hex Data",IF(R92>=75,"Tier 1",IF(R92>=55,"Tier 2",IF(R92>=35,"Tier 3","Below Threshold")))) -> Need Hex Data
A93: IUF GMBH- 40 Named Users | B93: Named User | C93: Yellow | D93: 47 | E93: 41 | F93: =IF(D93>0,E93/D93,0) -> 0.87234043 | G93: 27 | H93: 10123.8 | I93: 02/01/2027 | J93: 369 | K93: 0 | L93: =IF(B93="Named User",7,IF(B93="Named User (Chargeback)",4,3)) -> 7 | M93: =IF(C93="Extra Green",25,IF(C93="Green",20,IF(C93="Yellow",8,IF(C93="Red",3,0)))) -> 8 | N93: =IF(F93>=1,18,IF(F93>=0.95,16,IF(F93>=0.9,14,IF(F93>=0.8,10,IF(F93>=0.7,6,2))))) -> 10 | O93: =IF(K93=0,0,IF(K93>=50,25,IF(K93>=30,22,IF(K93>=20,18,IF(K93>=10,14,IF(K93>=5,10,5)))))) -> 0 | P93: =IF(H93>=25000,10,IF(H93>=15000,8,IF(H93>=10000,6,IF(H93>=5000,4,2)))) -> 6 | Q93: =IF(J93<=30,15,IF(J93<=60,13,IF(J93<=90,11,IF(J93<=120,9,IF(J93<=180,6,3))))) -> 3 | R93: =IF(K93=0,0,L93+M93+N93+O93+P93+Q93) -> 0 | S93: =IF(K93=0,"Need Hex Data",IF(R93>=75,"Tier 1",IF(R93>=55,"Tier 2",IF(R93>=35,"Tier 3","Below Threshold")))) -> Need Hex Data
A94: Institute of Molecular Genetics of the Czech Academy of Sciences | B94: Named User | C94: Green | D94: 27 | E94: 27 | F94: =IF(D94>0,E94/D94,0) -> 1 | G94: 20 | H94: 5600.4 | I94: 02/01/2027 | J94: 369 | K94: 0 | L94: =IF(B94="Named User",7,IF(B94="Named User (Chargeback)",4,3)) -> 7 | M94: =IF(C94="Extra Green",25,IF(C94="Green",20,IF(C94="Yellow",8,IF(C94="Red",3,0)))) -> 20 | N94: =IF(F94>=1,18,IF(F94>=0.95,16,IF(F94>=0.9,14,IF(F94>=0.8,10,IF(F94>=0.7,6,2))))) -> 18 | O94: =IF(K94=0,0,IF(K94>=50,25,IF(K94>=30,22,IF(K94>=20,18,IF(K94>=10,14,IF(K94>=5,10,5)))))) -> 0 | P94: =IF(H94>=25000,10,IF(H94>=15000,8,IF(H94>=10000,6,IF(H94>=5000,4,2)))) -> 4 | Q94: =IF(J94<=30,15,IF(J94<=60,13,IF(J94<=90,11,IF(J94<=120,9,IF(J94<=180,6,3))))) -> 3 | R94: =IF(K94=0,0,L94+M94+N94+O94+P94+Q94) -> 0 | S94: =IF(K94=0,"Need Hex Data",IF(R94>=75,"Tier 1",IF(R94>=55,"Tier 2",IF(R94>=35,"Tier 3","Below Threshold")))) -> Need Hex Data
A95: University of Saskatchewan - College of Ag | B95: Named User (Chargeback) | C95: Red | D95: 34 | E95: 24 | F95: =IF(D95>0,E95/D95,0) -> 0.70588235 | G95: 8 | H95: 7323.6 | I95: 02/02/2027 | J95: 370 | K95: 0 | L95: =IF(B95="Named User",7,IF(B95="Named User (Chargeback)",4,3)) -> 4 | M95: =IF(C95="Extra Green",25,IF(C95="Green",20,IF(C95="Yellow",8,IF(C95="Red",3,0)))) -> 3 | N95: =IF(F95>=1,18,IF(F95>=0.95,16,IF(F95>=0.9,14,IF(F95>=0.8,10,IF(F95>=0.7,6,2))))) -> 6 | O95: =IF(K95=0,0,IF(K95>=50,25,IF(K95>=30,22,IF(K95>=20,18,IF(K95>=10,14,IF(K95>=5,10,5)))))) -> 0 | P95: =IF(H95>=25000,10,IF(H95>=15000,8,IF(H95>=10000,6,IF(H95>=5000,4,2)))) -> 4 | Q95: =IF(J95<=30,15,IF(J95<=60,13,IF(J95<=90,11,IF(J95<=120,9,IF(J95<=180,6,3))))) -> 3 | R95: =IF(K95=0,0,L95+M95+N95+O95+P95+Q95) -> 0 | S95: =IF(K95=0,"Need Hex Data",IF(R95>=75,"Tier 1",IF(R95>=55,"Tier 2",IF(R95>=35,"Tier 3","Below Threshold")))) -> Need Hex Data
A96: ITESO | B96: Named User | D96: 0 | E96: 0 | F96: =IF(D96>0,E96/D96,0) -> 0 | G96: 0 | H96: 5330 | I96: 02/09/2027 | J96: 377 | K96: 0 | L96: =IF(B96="Named User",7,IF(B96="Named User (Chargeback)",4,3)) -> 7 | M96: =IF(C96="Extra Green",25,IF(C96="Green",20,IF(C96="Yellow",8,IF(C96="Red",3,0)))) -> 0 | N96: =IF(F96>=1,18,IF(F96>=0.95,16,IF(F96>=0.9,14,IF(F96>=0.8,10,IF(F96>=0.7,6,2))))) -> 2 | O96: =IF(K96=0,0,IF(K96>=50,25,IF(K96>=30,22,IF(K96>=20,18,IF(K96>=10,14,IF(K96>=5,10,5)))))) -> 0 | P96: =IF(H96>=25000,10,IF(H96>=15000,8,IF(H96>=10000,6,IF(H96>=5000,4,2)))) -> 4 | Q96: =IF(J96<=30,15,IF(J96<=60,13,IF(J96<=90,11,IF(J96<=120,9,IF(J96<=180,6,3))))) -> 3 | R96: =IF(K96=0,0,L96+M96+N96+O96+P96+Q96) -> 0 | S96: =IF(K96=0,"Need Hex Data",IF(R96>=75,"Tier 1",IF(R96>=55,"Tier 2",IF(R96>=35,"Tier 3","Below Threshold")))) -> Need Hex Data
A97: UK Health Security Agency - Radiation Department | B97: Named User | C97: Yellow | D97: 23 | E97: 21 | F97: =IF(D97>0,E97/D97,0) -> 0.91304348 | G97: 13 | H97: 4954.2 | I97: 03/04/2027 | J97: 400 | K97: 0 | L97: =IF(B97="Named User",7,IF(B97="Named User (Chargeback)",4,3)) -> 7 | M97: =IF(C97="Extra Green",25,IF(C97="Green",20,IF(C97="Yellow",8,IF(C97="Red",3,0)))) -> 8 | N97: =IF(F97>=1,18,IF(F97>=0.95,16,IF(F97>=0.9,14,IF(F97>=0.8,10,IF(F97>=0.7,6,2))))) -> 14 | O97: =IF(K97=0,0,IF(K97>=50,25,IF(K97>=30,22,IF(K97>=20,18,IF(K97>=10,14,IF(K97>=5,10,5)))))) -> 0 | P97: =IF(H97>=25000,10,IF(H97>=15000,8,IF(H97>=10000,6,IF(H97>=5000,4,2)))) -> 2 | Q97: =IF(J97<=30,15,IF(J97<=60,13,IF(J97<=90,11,IF(J97<=120,9,IF(J97<=180,6,3))))) -> 3 | R97: =IF(K97=0,0,L97+M97+N97+O97+P97+Q97) -> 0 | S97: =IF(K97=0,"Need Hex Data",IF(R97>=75,"Tier 1",IF(R97>=55,"Tier 2",IF(R97>=35,"Tier 3","Below Threshold")))) -> Need Hex Data
A98: University of Nevada, Las Vegas - School of Medicine (Year 2) | B98: Right to Deploy | C98: Red | D98: 150 | E98: 28 | F98: =IF(D98>0,E98/D98,0) -> 0.18666667 | G98: 10 | H98: 21540 | I98: 03/13/2027 | J98: 409 | K98: 0 | L98: =IF(B98="Named User",7,IF(B98="Named User (Chargeback)",4,3)) -> 3 | M98: =IF(C98="Extra Green",25,IF(C98="Green",20,IF(C98="Yellow",8,IF(C98="Red",3,0)))) -> 3 | N98: =IF(F98>=1,18,IF(F98>=0.95,16,IF(F98>=0.9,14,IF(F98>=0.8,10,IF(F98>=0.7,6,2))))) -> 2 | O98: =IF(K98=0,0,IF(K98>=50,25,IF(K98>=30,22,IF(K98>=20,18,IF(K98>=10,14,IF(K98>=5,10,5)))))) -> 0 | P98: =IF(H98>=25000,10,IF(H98>=15000,8,IF(H98>=10000,6,IF(H98>=5000,4,2)))) -> 8 | Q98: =IF(J98<=30,15,IF(J98<=60,13,IF(J98<=90,11,IF(J98<=120,9,IF(J98<=180,6,3))))) -> 3 | R98: =IF(K98=0,0,L98+M98+N98+O98+P98+Q98) -> 0 | S98: =IF(K98=0,"Need Hex Data",IF(R98>=75,"Tier 1",IF(R98>=55,"Tier 2",IF(R98>=35,"Tier 3","Below Threshold")))) -> Need Hex Data
A99: Indian Institute of Technology | B99: Right to Deploy | C99: Red | D99: 120 | E99: 7 | F99: =IF(D99>0,E99/D99,0) -> 0.058333333 | G99: 7 | H99: 12924 | I99: 12/15/2028 | J99: 1052 | K99: 0 | L99: =IF(B99="Named User",7,IF(B99="Named User (Chargeback)",4,3)) -> 3 | M99: =IF(C99="Extra Green",25,IF(C99="Green",20,IF(C99="Yellow",8,IF(C99="Red",3,0)))) -> 3 | N99: =IF(F99>=1,18,IF(F99>=0.95,16,IF(F99>=0.9,14,IF(F99>=0.8,10,IF(F99>=0.7,6,2))))) -> 2 | O99: =IF(K99=0,0,IF(K99>=50,25,IF(K99>=30,22,IF(K99>=20,18,IF(K99>=10,14,IF(K99>=5,10,5)))))) -> 0 | P99: =IF(H99>=25000,10,IF(H99>=15000,8,IF(H99>=10000,6,IF(H99>=5000,4,2)))) -> 6 | Q99: =IF(J99<=30,15,IF(J99<=60,13,IF(J99<=90,11,IF(J99<=120,9,IF(J99<=180,6,3))))) -> 3 | R99: =IF(K99=0,0,L99+M99+N99+O99+P99+Q99) -> 0 | S99: =IF(K99=0,"Need Hex Data",IF(R99>=75,"Tier 1",IF(R99>=55,"Tier 2",IF(R99>=35,"Tier 3","Below Threshold")))) -> Need Hex Data

Sheet Renewal-Only Expansion
A1: RENEWAL-ONLY EXPANSION - Defined Group / Sitewide
A2: These accounts can ONLY expand at renewal. Sorted by renewal date. Uses Initial Seats for TRUE activation.
A4: Organization | B4: License Type | C4: Usage Health | D4: Initial Seats | E4: Seats Filled | F4: TRUE Activation % | G4: Active 90d | H4: ARR | I4: Renewal Date | J4: Days to Renewal | K4: RENEWAL WINDOW | L4: FREE/SS USERS | M4: License Pts | N4: Health Pts | O4: Activation Pts | P4: Free User Pts | Q4: ARR Pts | R4: Renewal Pts | S4: TOTAL SCORE | T4: TIER
A5: University of Saskatchewan - Dept of Anatomy, Physiology and Pharmacology | B5: Defined Group | C5: Yellow | D5: 41 | E5: 56 | F5: =IF(D5>0,E5/D5,0) -> 1.3658537 | G5: 33 | H5: 8831.4 | I5: 02/01/2026 | J5: 4 | K5: =IF(J5<=30,"🔴 NOW",IF(J5<=60,"🟠 Soon",IF(J5<=90,"🟡 Q1",IF(J5<=180,"🟢 Q2","⚪ Later")))) -> 🔴 NOW | L5: 0 | M5: =IF(B5="Defined Group",5,4) -> 5 | N5: =IF(C5="Extra Green",25,IF(C5="Green",20,IF(C5="Yellow",8,IF(C5="Red",3,0)))) -> 8 | O5: =IF(F5>=1,18,IF(F5>=0.95,16,IF(F5>=0.9,14,IF(F5>=0.8,10,IF(F5>=0.7,6,2))))) -> 18 | P5: =IF(L5=0,0,IF(L5>=50,25,IF(L5>=30,22,IF(L5>=20,18,IF(L5>=10,14,IF(L5>=5,10,5)))))) -> 0 | Q5: =IF(H5>=25000,10,IF(H5>=15000,8,IF(H5>=10000,6,IF(H5>=5000,4,2)))) -> 4 | R5: =IF(J5<=30,20,IF(J5<=60,17,IF(J5<=90,14,IF(J5<=120,10,IF(J5<=180,5,2))))) -> 20 | S5: =IF(L5=0,0,M5+N5+O5+P5+Q5+R5) -> 0 | T5: =IF(L5=0,"Need Hex Data",IF(S5>=75,"Tier 1",IF(S5>=55,"Tier 2",IF(S5>=35,"Tier 3","Below Threshold")))) -> Need Hex Data
A6: Delaware State University | B6: Defined Group | C6: Red | D6: 53 | E6: 72 | F6: =IF(D6>0,E6/D6,0) -> 1.3584906 | G6: 24 | H6: 11416.2 | I6: 03/12/2026 | J6: 43 | K6: =IF(J6<=30,"🔴 NOW",IF(J6<=60,"🟠 Soon",IF(J6<=90,"🟡 Q1",IF(J6<=180,"🟢 Q2","⚪ Later")))) -> 🟠 Soon | L6: 0 | M6: =IF(B6="Defined Group",5,4) -> 5 | N6: =IF(C6="Extra Green",25,IF(C6="Green",20,IF(C6="Yellow",8,IF(C6="Red",3,0)))) -> 3 | O6: =IF(F6>=1,18,IF(F6>=0.95,16,IF(F6>=0.9,14,IF(F6>=0.8,10,IF(F6>=0.7,6,2))))) -> 18 | P6: =IF(L6=0,0,IF(L6>=50,25,IF(L6>=30,22,IF(L6>=20,18,IF(L6>=10,14,IF(L6>=5,10,5)))))) -> 0 | Q6: =IF(H6>=25000,10,IF(H6>=15000,8,IF(H6>=10000,6,IF(H6>=5000,4,2)))) -> 6 | R6: =IF(J6<=30,20,IF(J6<=60,17,IF(J6<=90,14,IF(J6<=120,10,IF(J6<=180,5,2))))) -> 17 | S6: =IF(L6=0,0,M6+N6+O6+P6+Q6+R6) -> 0 | T6: =IF(L6=0,"Need Hex Data",IF(S6>=75,"Tier 1",IF(S6>=55,"Tier 2",IF(S6>=35,"Tier 3","Below Threshold")))) -> Need Hex Data
A7: Oregon State University - Department of Biomedical Sciences | B7: Defined Group | C7: Red | D7: 45 | E7: 39 | F7: =IF(D7>0,E7/D7,0) -> 0.86666667 | G7: 17 | H7: 9693 | I7: 03/20/2026 | J7: 51 | K7: =IF(J7<=30,"🔴 NOW",IF(J7<=60,"🟠 Soon",IF(J7<=90,"🟡 Q1",IF(J7<=180,"🟢 Q2","⚪ Later")))) -> 🟠 Soon | L7: 0 | M7: =IF(B7="Defined Group",5,4) -> 5 | N7: =IF(C7="Extra Green",25,IF(C7="Green",20,IF(C7="Yellow",8,IF(C7="Red",3,0)))) -> 3 | O7: =IF(F7>=1,18,IF(F7>=0.95,16,IF(F7>=0.9,14,IF(F7>=0.8,10,IF(F7>=0.7,6,2))))) -> 10 | P7: =IF(L7=0,0,IF(L7>=50,25,IF(L7>=30,22,IF(L7>=20,18,IF(L7>=10,14,IF(L7>=5,10,5)))))) -> 0 | Q7: =IF(H7>=25000,10,IF(H7>=15000,8,IF(H7>=10000,6,IF(H7>=5000,4,2)))) -> 4 | R7: =IF(J7<=30,20,IF(J7<=60,17,IF(J7<=90,14,IF(J7<=120,10,IF(J7<=180,5,2))))) -> 17 | S7: =IF(L7=0,0,M7+N7+O7+P7+Q7+R7) -> 0 | T7: =IF(L7=0,"Need Hex Data",IF(S7>=75,"Tier 1",IF(S7>=55,"Tier 2",IF(S7>=35,"Tier 3","Below Threshold")))) -> Need Hex Data
A8: University of Cincinnati - Department of Biomedical Engineering | B8: Defined Group | C8: Red | D8: 24 | E8: 28 | F8: =IF(D8>0,E8/D8,0) -> 1.1666667 | G8: 12 | H8: 5169.6 | I8: 03/26/2026 | J8: 57 | K8: =IF(J8<=30,"🔴 NOW",IF(J8<=60,"🟠 Soon",IF(J8<=90,"🟡 Q1",IF(J8<=180,"🟢 Q2","⚪ Later")))) -> 🟠 Soon | L8: 0 | M8: =IF(B8="Defined Group",5,4) -> 5 | N8: =IF(C8="Extra Green",25,IF(C8="Green",20,IF(C8="Yellow",8,IF(C8="Red",3,0)))) -> 3 | O8: =IF(F8>=1,18,IF(F8>=0.95,16,IF(F8>=0.9,14,IF(F8>=0.8,10,IF(F8>=0.7,6,2))))) -> 18 | P8: =IF(L8=0,0,IF(L8>=50,25,IF(L8>=30,22,IF(L8>=20,18,IF(L8>=10,14,IF(L8>=5,10,5)))))) -> 0 | Q8: =IF(H8>=25000,10,IF(H8>=15000,8,IF(H8>=10000,6,IF(H8>=5000,4,2)))) -> 4 | R8: =IF(J8<=30,20,IF(J8<=60,17,IF(J8<=90,14,IF(J8<=120,10,IF(J8<=180,5,2))))) -> 17 | S8: =IF(L8=0,0,M8+N8+O8+P8+Q8+R8) -> 0 | T8: =IF(L8=0,"Need Hex Data",IF(S8>=75,"Tier 1",IF(S8>=55,"Tier 2",IF(S8>=35,"Tier 3","Below Threshold")))) -> Need Hex Data
A9: University of Pavia - Department of Internal Medicine and Therapeutics | B9: Defined Group | C9: Red | D9: 21 | E9: 22 | F9: =IF(D9>0,E9/D9,0) -> 1.047619 | G9: 11 | H9: 4523.4 | I9: 03/29/2026 | J9: 60 | K9: =IF(J9<=30,"🔴 NOW",IF(J9<=60,"🟠 Soon",IF(J9<=90,"🟡 Q1",IF(J9<=180,"🟢 Q2","⚪ Later")))) -> 🟠 Soon | L9: 0 | M9: =IF(B9="Defined Group",5,4) -> 5 | N9: =IF(C9="Extra Green",25,IF(C9="Green",20,IF(C9="Yellow",8,IF(C9="Red",3,0)))) -> 3 | O9: =IF(F9>=1,18,IF(F9>=0.95,16,IF(F9>=0.9,14,IF(F9>=0.8,10,IF(F9>=0.7,6,2))))) -> 18 | P9: =IF(L9=0,0,IF(L9>=50,25,IF(L9>=30,22,IF(L9>=20,18,IF(L9>=10,14,IF(L9>=5,10,5)))))) -> 0 | Q9: =IF(H9>=25000,10,IF(H9>=15000,8,IF(H9>=10000,6,IF(H9>=5000,4,2)))) -> 2 | R9: =IF(J9<=30,20,IF(J9<=60,17,IF(J9<=90,14,IF(J9<=120,10,IF(J9<=180,5,2))))) -> 17 | S9: =IF(L9=0,0,M9+N9+O9+P9+Q9+R9) -> 0 | T9: =IF(L9=0,"Need Hex Data",IF(S9>=75,"Tier 1",IF(S9>=55,"Tier 2",IF(S9>=35,"Tier 3","Below Threshold")))) -> Need Hex Data
A10: Los Alamos National Laboratory- Division of Bioscience | B10: Defined Group | C10: Red | D10: 80 | E10: 137 | F10: =IF(D10>0,E10/D10,0) -> 1.7125 | G10: 53 | H10: 17232 | I10: 04/18/2026 | J10: 80 | K10: =IF(J10<=30,"🔴 NOW",IF(J10<=60,"🟠 Soon",IF(J10<=90,"🟡 Q1",IF(J10<=180,"🟢 Q2","⚪ Later")))) -> 🟡 Q1 | L10: 0 | M10: =IF(B10="Defined Group",5,4) -> 5 | N10: =IF(C10="Extra Green",25,IF(C10="Green",20,IF(C10="Yellow",8,IF(C10="Red",3,0)))) -> 3 | O10: =IF(F10>=1,18,IF(F10>=0.95,16,IF(F10>=0.9,14,IF(F10>=0.8,10,IF(F10>=0.7,6,2))))) -> 18 | P10: =IF(L10=0,0,IF(L10>=50,25,IF(L10>=30,22,IF(L10>=20,18,IF(L10>=10,14,IF(L10>=5,10,5)))))) -> 0 | Q10: =IF(H10>=25000,10,IF(H10>=15000,8,IF(H10>=10000,6,IF(H10>=5000,4,2)))) -> 8 | R10: =IF(J10<=30,20,IF(J10<=60,17,IF(J10<=90,14,IF(J10<=120,10,IF(J10<=180,5,2))))) -> 14 | S10: =IF(L10=0,0,M10+N10+O10+P10+Q10+R10) -> 0 | T10: =IF(L10=0,"Need Hex Data",IF(S10>=75,"Tier 1",IF(S10>=55,"Tier 2",IF(S10>=35,"Tier 3","Below Threshold")))) -> Need Hex Data
A11: University of Chieti-Dept. Medical, Oral and Biotechnology Sciences | B11: Defined Group | C11: Red | D11: 25 | E11: 23 | F11: =IF(D11>0,E11/D11,0) -> 0.92 | G11: 11 | H11: 5385 | I11: 05/01/2026 | J11: 93 | K11: =IF(J11<=30,"🔴 NOW",IF(J11<=60,"🟠 Soon",IF(J11<=90,"🟡 Q1",IF(J11<=180,"🟢 Q2","⚪ Later")))) -> 🟢 Q2 | L11: 0 | M11: =IF(B11="Defined Group",5,4) -> 5 | N11: =IF(C11="Extra Green",25,IF(C11="Green",20,IF(C11="Yellow",8,IF(C11="Red",3,0)))) -> 3 | O11: =IF(F11>=1,18,IF(F11>=0.95,16,IF(F11>=0.9,14,IF(F11>=0.8,10,IF(F11>=0.7,6,2))))) -> 14 | P11: =IF(L11=0,0,IF(L11>=50,25,IF(L11>=30,22,IF(L11>=20,18,IF(L11>=10,14,IF(L11>=5,10,5)))))) -> 0 | Q11: =IF(H11>=25000,10,IF(H11>=15000,8,IF(H11>=10000,6,IF(H11>=5000,4,2)))) -> 4 | R11: =IF(J11<=30,20,IF(J11<=60,17,IF(J11<=90,14,IF(J11<=120,10,IF(J11<=180,5,2))))) -> 10 | S11: =IF(L11=0,0,M11+N11+O11+P11+Q11+R11) -> 0 | T11: =IF(L11=0,"Need Hex Data",IF(S11>=75,"Tier 1",IF(S11>=55,"Tier 2",IF(S11>=35,"Tier 3","Below Threshold")))) -> Need Hex Data
A12: University of Puerto Rico | B12: Defined Group | C12: Yellow | D12: 30 | E12: 39 | F12: =IF(D12>0,E12/D12,0) -> 1.3 | G12: 24 | H12: 6462 | I12: 05/09/2026 | J12: 101 | K12: =IF(J12<=30,"🔴 NOW",IF(J12<=60,"🟠 Soon",IF(J12<=90,"🟡 Q1",IF(J12<=180,"🟢 Q2","⚪ Later")))) -> 🟢 Q2 | L12: 0 | M12: =IF(B12="Defined Group",5,4) -> 5 | N12: =IF(C12="Extra Green",25,IF(C12="Green",20,IF(C12="Yellow",8,IF(C12="Red",3,0)))) -> 8 | O12: =IF(F12>=1,18,IF(F12>=0.95,16,IF(F12>=0.9,14,IF(F12>=0.8,10,IF(F12>=0.7,6,2))))) -> 18 | P12: =IF(L12=0,0,IF(L12>=50,25,IF(L12>=30,22,IF(L12>=20,18,IF(L12>=10,14,IF(L12>=5,10,5)))))) -> 0 | Q12: =IF(H12>=25000,10,IF(H12>=15000,8,IF(H12>=10000,6,IF(H12>=5000,4,2)))) -> 4 | R12: =IF(J12<=30,20,IF(J12<=60,17,IF(J12<=90,14,IF(J12<=120,10,IF(J12<=180,5,2))))) -> 10 | S12: =IF(L12=0,0,M12+N12+O12+P12+Q12+R12) -> 0 | T12: =IF(L12=0,"Need Hex Data",IF(S12>=75,"Tier 1",IF(S12>=55,"Tier 2",IF(S12>=35,"Tier 3","Below Threshold")))) -> Need Hex Data
A13: Howard Hughes Medical Institute | B13: Defined Group | C13: Red | D13: 80 | E13: 140 | F13: =IF(D13>0,E13/D13,0) -> 1.75 | G13: 62 | H13: 17232 | I13: 06/16/2026 | J13: 139 | K13: =IF(J13<=30,"🔴 NOW",IF(J13<=60,"🟠 Soon",IF(J13<=90,"🟡 Q1",IF(J13<=180,"🟢 Q2","⚪ Later")))) -> 🟢 Q2 | L13: 0 | M13: =IF(B13="Defined Group",5,4) -> 5 | N13: =IF(C13="Extra Green",25,IF(C13="Green",20,IF(C13="Yellow",8,IF(C13="Red",3,0)))) -> 3 | O13: =IF(F13>=1,18,IF(F13>=0.95,16,IF(F13>=0.9,14,IF(F13>=0.8,10,IF(F13>=0.7,6,2))))) -> 18 | P13: =IF(L13=0,0,IF(L13>=50,25,IF(L13>=30,22,IF(L13>=20,18,IF(L13>=10,14,IF(L13>=5,10,5)))))) -> 0 | Q13: =IF(H13>=25000,10,IF(H13>=15000,8,IF(H13>=10000,6,IF(H13>=5000,4,2)))) -> 8 | R13: =IF(J13<=30,20,IF(J13<=60,17,IF(J13<=90,14,IF(J13<=120,10,IF(J13<=180,5,2))))) -> 5 | S13: =IF(L13=0,0,M13+N13+O13+P13+Q13+R13) -> 0 | T13: =IF(L13=0,"Need Hex Data",IF(S13>=75,"Tier 1",IF(S13>=55,"Tier 2",IF(S13>=35,"Tier 3","Below Threshold")))) -> Need Hex Data
A14: Hamad Bin Khalifa - College of Health and Life Sciences | B14: Defined Group | C14: Yellow | D14: 99 | E14: 128 | F14: =IF(D14>0,E14/D14,0) -> 1.2929293 | G14: 80 | H14: 21324.6 | I14: 06/19/2026 | J14: 142 | K14: =IF(J14<=30,"🔴 NOW",IF(J14<=60,"🟠 Soon",IF(J14<=90,"🟡 Q1",IF(J14<=180,"🟢 Q2","⚪ Later")))) -> 🟢 Q2 | L14: 0 | M14: =IF(B14="Defined Group",5,4) -> 5 | N14: =IF(C14="Extra Green",25,IF(C14="Green",20,IF(C14="Yellow",8,IF(C14="Red",3,0)))) -> 8 | O14: =IF(F14>=1,18,IF(F14>=0.95,16,IF(F14>=0.9,14,IF(F14>=0.8,10,IF(F14>=0.7,6,2))))) -> 18 | P14: =IF(L14=0,0,IF(L14>=50,25,IF(L14>=30,22,IF(L14>=20,18,IF(L14>=10,14,IF(L14>=5,10,5)))))) -> 0 | Q14: =IF(H14>=25000,10,IF(H14>=15000,8,IF(H14>=10000,6,IF(H14>=5000,4,2)))) -> 8 | R14: =IF(J14<=30,20,IF(J14<=60,17,IF(J14<=90,14,IF(J14<=120,10,IF(J14<=180,5,2))))) -> 5 | S14: =IF(L14=0,0,M14+N14+O14+P14+Q14+R14) -> 0 | T14: =IF(L14=0,"Need Hex Data",IF(S14>=75,"Tier 1",IF(S14>=55,"Tier 2",IF(S14>=35,"Tier 3","Below Threshold")))) -> Need Hex Data
A15: IIS Aragon | B15: Defined Group | C15: Extra Green | D15: 33 | E15: 89 | F15: =IF(D15>0,E15/D15,0) -> 2.6969697 | G15: 63 | H15: 7108.2 | I15: 06/24/2026 | J15: 147 | K15: =IF(J15<=30,"🔴 NOW",IF(J15<=60,"🟠 Soon",IF(J15<=90,"🟡 Q1",IF(J15<=180,"🟢 Q2","⚪ Later")))) -> 🟢 Q2 | L15: 0 | M15: =IF(B15="Defined Group",5,4) -> 5 | N15: =IF(C15="Extra Green",25,IF(C15="Green",20,IF(C15="Yellow",8,IF(C15="Red",3,0)))) -> 25 | O15: =IF(F15>=1,18,IF(F15>=0.95,16,IF(F15>=0.9,14,IF(F15>=0.8,10,IF(F15>=0.7,6,2))))) -> 18 | P15: =IF(L15=0,0,IF(L15>=50,25,IF(L15>=30,22,IF(L15>=20,18,IF(L15>=10,14,IF(L15>=5,10,5)))))) -> 0 | Q15: =IF(H15>=25000,10,IF(H15>=15000,8,IF(H15>=10000,6,IF(H15>=5000,4,2)))) -> 4 | R15: =IF(J15<=30,20,IF(J15<=60,17,IF(J15<=90,14,IF(J15<=120,10,IF(J15<=180,5,2))))) -> 5 | S15: =IF(L15=0,0,M15+N15+O15+P15+Q15+R15) -> 0 | T15: =IF(L15=0,"Need Hex Data",IF(S15>=75,"Tier 1",IF(S15>=55,"Tier 2",IF(S15>=35,"Tier 3","Below Threshold")))) -> Need Hex Data
A16: University of New Mexico Department of Biology | B16: Defined Group | C16: Red | D16: 39 | E16: 48 | F16: =IF(D16>0,E16/D16,0) -> 1.2307692 | G16: 21 | H16: 8400.6 | I16: 07/08/2026 | J16: 161 | K16: =IF(J16<=30,"🔴 NOW",IF(J16<=60,"🟠 Soon",IF(J16<=90,"🟡 Q1",IF(J16<=180,"🟢 Q2","⚪ Later")))) -> 🟢 Q2 | L16: 0 | M16: =IF(B16="Defined Group",5,4) -> 5 | N16: =IF(C16="Extra Green",25,IF(C16="Green",20,IF(C16="Yellow",8,IF(C16="Red",3,0)))) -> 3 | O16: =IF(F16>=1,18,IF(F16>=0.95,16,IF(F16>=0.9,14,IF(F16>=0.8,10,IF(F16>=0.7,6,2))))) -> 18 | P16: =IF(L16=0,0,IF(L16>=50,25,IF(L16>=30,22,IF(L16>=20,18,IF(L16>=10,14,IF(L16>=5,10,5)))))) -> 0 | Q16: =IF(H16>=25000,10,IF(H16>=15000,8,IF(H16>=10000,6,IF(H16>=5000,4,2)))) -> 4 | R16: =IF(J16<=30,20,IF(J16<=60,17,IF(J16<=90,14,IF(J16<=120,10,IF(J16<=180,5,2))))) -> 5 | S16: =IF(L16=0,0,M16+N16+O16+P16+Q16+R16) -> 0 | T16: =IF(L16=0,"Need Hex Data",IF(S16>=75,"Tier 1",IF(S16>=55,"Tier 2",IF(S16>=35,"Tier 3","Below Threshold")))) -> Need Hex Data
... A39: Czech Academy of Sciences - Institute of Microbiology | B39: Defined Group | C39: Yellow | D39: 130 | E39: 205 | F39: =IF(D39>0,E39/D39,0) -> 1.5769231 | G39: 113 | H39: 26702 | I39: 01/12/2027 | J39: 349 | K39: =IF(J39<=30,"🔴 NOW",IF(J39<=60,"🟠 Soon",IF(J39<=90,"🟡 Q1",IF(J39<=180,"🟢 Q2","⚪ Later")))) -> ⚪ Later | L39: 0 | M39: =IF(B39="Defined Group",5,4) -> 5 | N39: =IF(C39="Extra Green",25,IF(C39="Green",20,IF(C39="Yellow",8,IF(C39="Red",3,0)))) -> 8 | O39: =IF(F39>=1,18,IF(F39>=0.95,16,IF(F39>=0.9,14,IF(F39>=0.8,10,IF(F39>=0.7,6,2))))) -> 18 | P39: =IF(L39=0,0,IF(L39>=50,25,IF(L39>=30,22,IF(L39>=20,18,IF(L39>=10,14,IF(L39>=5,10,5)))))) -> 0 | Q39: =IF(H39>=25000,10,IF(H39>=15000,8,IF(H39>=10000,6,IF(H39>=5000,4,2)))) -> 10 | R39: =IF(J39<=30,20,IF(J39<=60,17,IF(J39<=90,14,IF(J39<=120,10,IF(J39<=180,5,2))))) -> 2 | S39: =IF(L39=0,0,M39+N39+O39+P39+Q39+R39) -> 0 | T39: =IF(L39=0,"Need Hex Data",IF(S39>=75,"Tier 1",IF(S39>=55,"Tier 2",IF(S39>=35,"Tier 3","Below Threshold")))) -> Need Hex Data
A40: University of Saskatchewan | B40: Defined Group | D40: 25 | E40: 0 | F40: =IF(D40>0,E40/D40,0) -> 0 | G40: 0 | H40: 5385 | I40: 01/29/2027 | J40: 366 | K40: =IF(J40<=30,"🔴 NOW",IF(J40<=60,"🟠 Soon",IF(J40<=90,"🟡 Q1",IF(J40<=180,"🟢 Q2","⚪ Later")))) -> ⚪ Later | L40: 0 | M40: =IF(B40="Defined Group",5,4) -> 5 | N40: =IF(C40="Extra Green",25,IF(C40="Green",20,IF(C40="Yellow",8,IF(C40="Red",3,0)))) -> 0 | O40: =IF(F40>=1,18,IF(F40>=0.95,16,IF(F40>=0.9,14,IF(F40>=0.8,10,IF(F40>=0.7,6,2))))) -> 2 | P40: =IF(L40=0,0,IF(L40>=50,25,IF(L40>=30,22,IF(L40>=20,18,IF(L40>=10,14,IF(L40>=5,10,5)))))) -> 0 | Q40: =IF(H40>=25000,10,IF(H40>=15000,8,IF(H40>=10000,6,IF(H40>=5000,4,2)))) -> 4 | R40: =IF(J40<=30,20,IF(J40<=60,17,IF(J40<=90,14,IF(J40<=120,10,IF(J40<=180,5,2))))) -> 2 | S40: =IF(L40=0,0,M40+N40+O40+P40+Q40+R40) -> 0 | T40: =IF(L40=0,"Need Hex Data",IF(S40>=75,"Tier 1",IF(S40>=55,"Tier 2",IF(S40>=35,"Tier 3","Below Threshold")))) -> Need Hex Data
A41: PILOT: UFZ Center for Environmental Research - Sitewide | B41: Sitewide | C41: Yellow | D41: 150 | E41: 255 | F41: =IF(D41>0,E41/D41,0) -> 1.7 | G41: 135 | H41: 30810 | I41: 01/31/2027 | J41: 368 | K41: =IF(J41<=30,"🔴 NOW",IF(J41<=60,"🟠 Soon",IF(J41<=90,"🟡 Q1",IF(J41<=180,"🟢 Q2","⚪ Later")))) -> ⚪ Later | L41: 0 | M41: =IF(B41="Defined Group",5,4) -> 4 | N41: =IF(C41="Extra Green",25,IF(C41="Green",20,IF(C41="Yellow",8,IF(C41="Red",3,0)))) -> 8 | O41: =IF(F41>=1,18,IF(F41>=0.95,16,IF(F41>=0.9,14,IF(F41>=0.8,10,IF(F41>=0.7,6,2))))) -> 18 | P41: =IF(L41=0,0,IF(L41>=50,25,IF(L41>=30,22,IF(L41>=20,18,IF(L41>=10,14,IF(L41>=5,10,5)))))) -> 0 | Q41: =IF(H41>=25000,10,IF(H41>=15000,8,IF(H41>=10000,6,IF(H41>=5000,4,2)))) -> 10 | R41: =IF(J41<=30,20,IF(J41<=60,17,IF(J41<=90,14,IF(J41<=120,10,IF(J41<=180,5,2))))) -> 2 | S41: =IF(L41=0,0,M41+N41+O41+P41+Q41+R41) -> 0 | T41: =IF(L41=0,"Need Hex Data",IF(S41>=75,"Tier 1",IF(S41>=55,"Tier 2",IF(S41>=35,"Tier 3","Below Threshold")))) -> Need Hex Data
A42: Versiti - Blood Center of Wisconsin | B42: Defined Group | C42: Red | D42: 83 | E42: 101 | F42: =IF(D42>0,E42/D42,0) -> 1.2168675 | G42: 58 | H42: 17878.2 | I42: 02/10/2027 | J42: 378 | K42: =IF(J42<=30,"🔴 NOW",IF(J42<=60,"🟠 Soon",IF(J42<=90,"🟡 Q1",IF(J42<=180,"🟢 Q2","⚪ Later")))) -> ⚪ Later | L42: 0 | M42: =IF(B42="Defined Group",5,4) -> 5 | N42: =IF(C42="Extra Green",25,IF(C42="Green",20,IF(C42="Yellow",8,IF(C42="Red",3,0)))) -> 3 | O42: =IF(F42>=1,18,IF(F42>=0.95,16,IF(F42>=0.9,14,IF(F42>=0.8,10,IF(F42>=0.7,6,2))))) -> 18 | P42: =IF(L42=0,0,IF(L42>=50,25,IF(L42>=30,22,IF(L42>=20,18,IF(L42>=10,14,IF(L42>=5,10,5)))))) -> 0 | Q42: =IF(H42>=25000,10,IF(H42>=15000,8,IF(H42>=10000,6,IF(H42>=5000,4,2)))) -> 8 | R42: =IF(J42<=30,20,IF(J42<=60,17,IF(J42<=90,14,IF(J42<=120,10,IF(J42<=180,5,2))))) -> 2 | S42: =IF(L42=0,0,M42+N42+O42+P42+Q42+R42) -> 0 | T42: =IF(L42=0,"Need Hex Data",IF(S42>=75,"Tier 1",IF(S42>=55,"Tier 2",IF(S42>=35,"Tier 3","Below Threshold")))) -> Need Hex Data
A43: Oregon State University - Department of Pharmaceutical Sciences | B43: Defined Group | C43: Yellow | D43: 44 | E43: 58 | F43: =IF(D43>0,E43/D43,0) -> 1.3181818 | G43: 41 | H43: 9477.6 | I43: 02/20/2027 | J43: 388 | K43: =IF(J43<=30,"🔴 NOW",IF(J43<=60,"🟠 Soon",IF(J43<=90,"🟡 Q1",IF(J43<=180,"🟢 Q2","⚪ Later")))) -> ⚪ Later | L43: 0 | M43: =IF(B43="Defined Group",5,4) -> 5 | N43: =IF(C43="Extra Green",25,IF(C43="Green",20,IF(C43="Yellow",8,IF(C43="Red",3,0)))) -> 8 | O43: =IF(F43>=1,18,IF(F43>=0.95,16,IF(F43>=0.9,14,IF(F43>=0.8,10,IF(F43>=0.7,6,2))))) -> 18 | P43: =IF(L43=0,0,IF(L43>=50,25,IF(L43>=30,22,IF(L43>=20,18,IF(L43>=10,14,IF(L43>=5,10,5)))))) -> 0 | Q43: =IF(H43>=25000,10,IF(H43>=15000,8,IF(H43>=10000,6,IF(H43>=5000,4,2)))) -> 4 | R43: =IF(J43<=30,20,IF(J43<=60,17,IF(J43<=90,14,IF(J43<=120,10,IF(J43<=180,5,2))))) -> 2 | S43: =IF(L43=0,0,M43+N43+O43+P43+Q43+R43) -> 0 | T43: =IF(L43=0,"Need Hex Data",IF(S43>=75,"Tier 1",IF(S43>=55,"Tier 2",IF(S43>=35,"Tier 3","Below Threshold")))) -> Need Hex Data

Sheet Q1 Action List
A1: Q1 ACTION LIST - Accounts Renewing in Next 90 Days
A2: PRIORITY: These accounts need expansion conversations NOW. DG/Sitewide can only expand at renewal!
A4: Organization | B4: License Type | C4: Expansion Timing | D4: Usage Health | E4: TRUE Activation | F4: ARR | G4: Renewal Date | H4: Days Left | I4: Action Required
A5: Ospedale Pediatrico Bambino GesÃ¹ (Bambino GesÃ¹ Childrenâs Hospital) - Research Biobank | B5: Right to Deploy | C5: Anytime | D5: Red | E5: 0.89090909 | F5: 10123.8 | G5: 12/31/2025 | H5: -28 | I5: Can expand now or at renewal
A6: Academic Health Center | B6: Right to Deploy | C6: Anytime | D6: Red | E6: 0.59310345 | F6: 24771 | G6: 01/13/2026 | H6: -15 | I6: Can expand now or at renewal
A7: University of Puerto Rico - Industrial Biotechnology Learning Center (IBLC) | B7: Right to Deploy | C7: Anytime | D7: Red | E7: 0.76666667 | F7: 4308 | G7: 01/28/2026 | H7: 0 | I7: Can expand now or at renewal
A8: Africa Health Research Institute | B8: Named User (Chargeback) | C8: Anytime | D8: Red | E8: 0.9 | F8: 8185.2 | G8: 02/01/2026 | H8: 4 | I8: Can expand now or at renewal
A9: University of Saskatchewan - Dept of Anatomy, Physiology and Pharmacology | B9: Defined Group | C9: RENEWAL ONLY | D9: Yellow | E9: 1.3658537 | F9: 8831.4 | G9: 02/01/2026 | H9: 4 | I9: URGENT: Must expand at this renewal or wait another year
A10: Burnet Institute | B10: Named User | C10: Anytime | D10: Red | E10: 0.96842105 | F10: 18943 | G10: 02/14/2026 | H10: 17 | I10: Can expand now or at renewal
A11: INRS - Isabelle Plante | B11: Named User | C11: Anytime | D11: Green | E11: 1 | F11: 5169.6 | G11: 02/16/2026 | H11: 19 | I11: Can expand now or at renewal
A12: IKP Stuttgart - Institute for Clinical Pharmacology | B12: Named User | C12: Anytime | D12: Green | E12: 0.95 | F12: 4308 | G12: 02/20/2026 | H12: 23 | I12: Can expand now or at renewal
A13: Regional Centre for Biotechnology- 25 Named Users | B13: Named User | C13: Anytime | D13: Green | E13: 1 | F13: 5385 | G13: 02/23/2026 | H13: 26 | I13: Can expand now or at renewal
A14: University of Ljubljana-Biotechnical faculty | B14: Right to Deploy | C14: Anytime | D14: Yellow | E14: 0.93650794 | F14: 9262.2 | G14: 03/04/2026 | H14: 35 | I14: Can expand now or at renewal
A15: University of Puerto Rico - Biomedical Sciences | B15: Right to Deploy | C15: Anytime | D15: Yellow | E15: 0.96666667 | F15: 4308 | G15: 03/05/2026 | H15: 36 | I15: Can expand now or at renewal
A16: University of Eastern Piedmont | B16: Named User | C16: Anytime | D16: Yellow | E16: 0.98387097 | F16: 12924 | G16: 03/10/2026 | H16: 41 | I16: Can expand now or at renewal
... A34: Czech Academy of Sciences | B34: Named User | C34: Anytime | D34: Yellow | E34: 0.91666667 | F34: 7539 | G34: 04/21/2026 | H34: 83 | I34: Can expand now or at renewal

Sheet Pipeline Summary
A1: EXPANSION PIPELINE SUMMARY - Q1 2025
A3: QUARTERLY TARGETS
A4: Metric | B4: Value
A5: Q1 Renewal Target | B5: 318000
A6: Minimum Expansion (17%) | B6: =B5*0.17 -> 54060
A7: Target with 15% Buffer | B7: =B6*1.15 -> 62169
A10: ACCOUNT BREAKDOWN BY EXPANSION TIMING
A11: Category | B11: Count | C11: Expansion Rule
A12: Named User | B12: 65 | C12: Anytime
A13: Named User (Chargeback) | B13: 11 | C13: Anytime
A14: Right to Deploy | B14: 19 | C14: Anytime
A15: Defined Group | B15: 38 | C15: RENEWAL ONLY
A16: Sitewide | B16: 1 | C16: RENEWAL ONLY
A17: Anytime Expansion Total | B17: 95
A18: Renewal-Only Expansion Total | B18: 39
A21: DG/SITEWIDE RENEWAL URGENCY
A22: Window | B22: Count
A23: 🔴 Renewing in 0-30 days | B23: 1
A24: 🟠 Renewing in 31-60 days | B24: 4
A25: 🟡 Renewing in 61-90 days | B25: 1
A26: 🟢 Renewing in 91-180 days | B26: 9
A27: ⚪ Renewing 180+ days | B27: 24
A30: PIPELINE BY TIER (Anytime Expansion - after Hex data)
A31: Tier | B31: Count | C31: Avg Deal | D31: Pipeline
A32: Tier 1 | B32: =COUNTIF('Anytime Expansion'!S5:S99,"Tier 1") -> 0 | C32: 4300 | D32: =B32*C32 -> 0
A33: Tier 2 | B33: =COUNTIF('Anytime Expansion'!S5:S99,"Tier 2") -> 0 | C33: 3225 | D33: =B33*C33 -> 0
A34: Tier 3 | B34: =COUNTIF('Anytime Expansion'!S5:S99,"Tier 3") -> 0 | C34: 2150 | D34: =B34*C34 -> 0
A36: PIPELINE BY TIER (Renewal-Only - after Hex data)
A37: Tier | B37: Count | C37: Avg Deal | D37: Pipeline
A38: Tier 1 | B38: =COUNTIF('Renewal-Only Expansion'!T5:T43,"Tier 1") -> 0 | C38: 5000 | D38: =B38*C38 -> 0
A39: Tier 2 | B39: =COUNTIF('Renewal-Only Expansion'!T5:T43,"Tier 2") -> 0 | C39: 3500 | D39: =B39*C39 -> 0
A40: Tier 3 | B40: =COUNTIF('Renewal-Only Expansion'!T5:T43,"Tier 3") -> 0 | C40: 2500 | D40: =B40*C40 -> 0

Sheet Scoring Reference
A1: SCORING REFERENCE - TWO EXPANSION MODELS
A3: ANYTIME EXPANSION (Named User / Chargeback / RTD)
A4: Max Score: 100 points | Activation = Seats Filled ÷ Current Seats
A6: RENEWAL-ONLY EXPANSION (Defined Group / Sitewide)
A7: Max Score: 103 points | Activation = Seats Filled ÷ Initial Seats | Higher renewal pts (20 max vs 15)
A9: License Type | D9: Free/SS Users (25 max) | G9: Usage Health (25 max) | J9: Activation (18 max) | M9: ARR (10 max) | P9: Renewal - Anytime (15 max) | S9: Renewal - DG/SW (20 max)
A10: Type | B10: Pts | D10: Users | E10: Pts | G10: Status | H10: Pts | J10: Rate | K10: Pts | M10: ARR | N10: Pts | P10: Days | Q10: Pts | S10: Days | T10: Pts
A11: Named User | B11: 7 | D11: 50+ | E11: 25 | G11: Extra Green | H11: 25 | J11: 100%+ | K11: 18 | M11: $25K+ | N11: 10 | P11: 0-30 | Q11: 15 | S11: 0-30 | T11: 20
A12: Defined Group | B12: 5 | D12: 30-49 | E12: 22 | G12: Green | H12: 20 | J12: 95-99% | K12: 16 | M12: $15-25K | N12: 8 | P12: 31-60 | Q12: 13 | S12: 31-60 | T12: 17
A13: Named User (CB) | B13: 4 | D13: 20-29 | E13: 18 | G13: Yellow | H13: 8 | J13: 90-94% | K13: 14 | M13: $10-15K | N13: 6 | P13: 61-90 | Q13: 11 | S13: 61-90 | T13: 14
A14: Sitewide | B14: 4 | D14: 10-19 | E14: 14 | G14: Red/Orange | H14: 3 | J14: 80-89% | K14: 10 | M14: $5-10K | N14: 4 | P14: 91-120 | Q14: 9 | S14: 91-120 | T14: 10
A15: Right to Deploy | B15: 3 | D15: 5-9 | E15: 10 | J15: 70-79% | K15: 6 | M15: <$5K | N15: 2 | P15: 121-180 | Q15: 6 | S15: 121-180 | T15: 5
D16: 1-4 | E16: 5 | J16: <70% | K16: 2 | P16: 180+ | Q16: 3 | S16: 180+ | T16: 2
